dow,found_ration,product_format
0,1.6485045959352693,KG
0,0.8372929092113984,UN
1,1.7081832788472389,KG
1,0.847000167588403,UN
2,1.6866310206728519,KG
2,0.8492426817706208,UN
3,1.656882747658795,KG
3,0.8483261029882818,UN
4,1.6111804691798737,KG
4,0.8490602633839106,UN
5,1.6065260739201939,KG
5,0.8500703949941338,UN
6,1.5819266514937156,KG
6,0.8505671359238318,UN
